{
    "1": {
        "实习": 0.023360653003931364,
        "成绩": 0.012350518246993757,
        "绩点": 0.010589762453998399,
        "数分": 0.010511468231470082,
        "大创": 0.008819869037711828,
        "大二": 0.008814685301493983,
        "金融": 0.008340003800130382,
        "朋友": 0.008080785366408216,
        "寒假": 0.007834806563358334,
        "模块": 0.006838627072972441,
        "保研": 0.006772239182332433,
        "选课": 0.006714102404715355,
        "公司": 0.006589166007981128,
        "排名": 0.0064267532220642415,
        "管理": 0.006380129631237522,
        "投资": 0.006239196765964759,
        "期末": 0.0062338892752226635,
        "经验": 0.006129111502101392,
        "申请": 0.005970951221955799,
        "外事": 0.005746594612596768
    },
    "2": {
        "实习": 0.014157624275719063,
        "出书": 0.013899751306704344,
        "三折": 0.011118042586059326,
        "开学": 0.008996901207533055,
        "教材": 0.008042935078200548,
        "金融": 0.00783294044740286,
        "英语": 0.007610820215699263,
        "代课": 0.0074939341425343765,
        "数理统计": 0.007462171655483684,
        "点名": 0.006807002039358501,
        "考核": 0.006752440364517159,
        "管理": 0.006725634229160215,
        "帮忙": 0.0064711484580225465,
        "喜欢": 0.00636032234595168,
        "朋友": 0.0063231045866267935,
        "习概": 0.006220632271350477,
        "考研": 0.006202095619296781,
        "宿舍": 0.006162105789482847,
        "经济学": 0.005885538052795464,
        "模块": 0.0057605708668754686
    },
    "3": {
        "作业": 0.010081385721663725,
        "二课": 0.009288969413236108,
        "朋友": 0.008734018110173622,
        "答案": 0.007966278105076165,
        "实习": 0.007809018006810157,
        "图书馆": 0.007522825749104958,
        "代课": 0.006858013853694339,
        "金融": 0.006743777540588866,
        "喜欢": 0.006668567061402328,
        "帮忙": 0.006290794285829727,
        "食堂": 0.005547383962367072,
        "上课": 0.00530826087816821,
        "讲座": 0.005190454033469711,
        "经管": 0.004925891588988119,
        "期末": 0.004864510310833659,
        "论文": 0.004822174386908088,
        "王者": 0.004742524287683213,
        "点名": 0.004532067633673886,
        "早八": 0.004298639761806253,
        "考试": 0.00421284667786193
    },
    "4": {
        "期中": 0.01231843372872039,
        "跑步": 0.011714899767260306,
        "朋友": 0.011686238793187288,
        "作业": 0.010702568490255453,
        "代课": 0.010055218145564024,
        "体测": 0.008668129542081583,
        "图书馆": 0.008318568087762436,
        "喜欢": 0.008213643441416717,
        "二课": 0.007332042184956024,
        "答案": 0.007190180957524222,
        "实习": 0.006655680871848738,
        "食堂": 0.006553262705858893,
        "期末": 0.006401427306629776,
        "考试": 0.006215843668923807,
        "五一": 0.0061006834197700095,
        "论文": 0.005757344528260151,
        "大英": 0.005596647221220495,
        "讲座": 0.005248848857045676,
        "试卷": 0.0051047794033701605,
        "期末试卷": 0.004612509030202649
    },
    "5": {
        "期末": 0.014101245300180374,
        "图书馆": 0.009700373892693383,
        "论文": 0.009362949659521204,
        "实习": 0.008898983047441666,
        "毕业": 0.00876804839975775,
        "作业": 0.008575132261633407,
        "喜欢": 0.008403617661849879,
        "朋友": 0.008023203059371167,
        "千村": 0.007732710910605385,
        "期末试卷": 0.007271362350474861,
        "往年": 0.006089276593816485,
        "考试": 0.005750346479016104,
        "体测": 0.005519032768006365,
        "数理统计": 0.005359960400466333,
        "学习": 0.005282589794629154,
        "食堂": 0.005043824605793228,
        "宝宝": 0.00488422376424431,
        "金融": 0.004735007621971853,
        "复习": 0.004693933360865742,
        "帮忙": 0.004680343053705951
    },
    "6": {
        "期末": 0.014953877217482047,
        "实习": 0.01048645168040801,
        "图书馆": 0.010129647936167609,
        "毕业": 0.009542728031279374,
        "复习": 0.009238440647419391,
        "考试": 0.00899573643732284,
        "往年": 0.007809850884248447,
        "论文": 0.0065097947399530886,
        "喜欢": 0.006084279928534882,
        "试卷": 0.006084009051454554,
        "朋友": 0.005994421482885353,
        "选课": 0.005688026740256758,
        "期末试卷": 0.005245435685295124,
        "绩点": 0.004974128895306717,
        "习概": 0.004520452124939507,
        "金融": 0.004465607312760477,
        "数分": 0.004390491475122276,
        "食堂": 0.004319066214779269,
        "暑假": 0.004205652566409075,
        "公司": 0.004144943701021372
    },
    "7": {
        "实习": 0.018225761513141866,
        "绩点": 0.009731592010656997,
        "成绩": 0.009464920953469468,
        "喜欢": 0.007863126317074691,
        "朋友": 0.007122939891120415,
        "排名": 0.006753590658564649,
        "金融": 0.005793094365329196,
        "课程": 0.005360757641399478,
        "公司": 0.005226952108564061,
        "上班": 0.005129537935221395,
        "保研": 0.004830588110622826,
        "宿舍": 0.004730794202734847,
        "暑假": 0.004653363208107057,
        "学院": 0.00432820310950385,
        "两个": 0.0042864063646114595,
        "大概": 0.0040946868123356815,
        "军训": 0.003935764334737444,
        "毕业": 0.003933186025474931,
        "菜鸟": 0.003904058974366282,
        "大二": 0.0038959000652595394
    },
    "8": {
        "军训": 0.031132006298872722,
        "实习": 0.011725522784667753,
        "教官": 0.009431314553405597,
        "喜欢": 0.008401101299457894,
        "朋友": 0.007412427973819635,
        "开学": 0.007248615900710914,
        "宿舍": 0.0072373763447615485,
        "下雨": 0.0068230470043952945,
        "体育馆": 0.006497583940862615,
        "晚训": 0.0050937891309510725,
        "食堂": 0.004993873826443029,
        "外卖": 0.004760856311771238,
        "新生": 0.004528092252911028,
        "申请": 0.004119009166465558,
        "到底": 0.004102572885341212,
        "学习": 0.0040066455457456315,
        "别人": 0.003991463369001706,
        "继任": 0.0039890921245025164,
        "特别": 0.003974797653984594,
        "号楼": 0.003963555227280411
    },
    "9": {
        "出书": 0.008359065511423035,
        "食堂": 0.0077405688203993584,
        "三折": 0.007076099256442385,
        "英语": 0.006805902334796804,
        "新生": 0.006281329344430377,
        "代课": 0.006217497001544556,
        "朋友": 0.006098248037146085,
        "教材": 0.005542847078105928,
        "上课": 0.00554192233958912,
        "点名": 0.005434285708862538,
        "喜欢": 0.00536001357212523,
        "模块": 0.005119080362839591,
        "奖学金": 0.004581891781513108,
        "宿舍": 0.004581293920584842,
        "图书馆": 0.004484811234501608,
        "实习": 0.004427078128996348,
        "保研": 0.004298487712681148,
        "金融": 0.00407991811270095,
        "作业": 0.003989189966462144,
        "考核": 0.003838980482061263
    },
    "10": {
        "图书馆": 0.009053227596025185,
        "喜欢": 0.008595114387919107,
        "期中": 0.008394913808133952,
        "食堂": 0.00788414259139356,
        "朋友": 0.00749514696797704,
        "作业": 0.007274255332751245,
        "代课": 0.006521970886173996,
        "实习": 0.0063247483006619604,
        "宿舍": 0.006045887200430277,
        "学习": 0.0052812854795712735,
        "二课": 0.005214941608269392,
        "体测": 0.005101992985422366,
        "上课": 0.004977619949915708,
        "期末": 0.0042400954836280405,
        "外卖": 0.004218019730411597,
        "点名": 0.004110707404421146,
        "大学": 0.004059082186238151,
        "到底": 0.004030092753309627,
        "两个": 0.003967444504802753,
        "概率论": 0.003950781098323122
    },
    "11": {
        "跳绳": 0.01156135035526122,
        "图书馆": 0.0096666117481918,
        "期末": 0.009631118961113851,
        "实习": 0.00952548128542616,
        "代课": 0.007939790244071404,
        "体测": 0.007919527617178446,
        "期中": 0.0077740990012842084,
        "食堂": 0.007572097076734406,
        "朋友": 0.007334484807177767,
        "考试": 0.0070866361200430375,
        "喜欢": 0.006446014849191254,
        "作业": 0.005989072938451219,
        "宿舍": 0.005822809864303936,
        "成绩": 0.005560523864256962,
        "期末试卷": 0.0054858280266383615,
        "数分": 0.005456702971095445,