{
    "实习": 0.008673018624086615,
    "期末": 0.0068071857591818444,
    "图书馆": 0.006085220513241479,
    "朋友": 0.005709214361590111,
    "喜欢": 0.005248807062836155,
    "作业": 0.004752180865732648,
    "考试": 0.0046986055785721145,
    "代课": 0.004609343892016567,
    "食堂": 0.004438011987928063,
    "论文": 0.004130888691939387,
    "成绩": 0.0038981909571277518,
    "金融": 0.0038492779599074395,
    "宿舍": 0.0038130731997334404,
    "往年": 0.003581747171515839,
    "学习": 0.003438846930358048,
    "二课": 0.0034045294229361517,
    "英语": 0.0034029777531557628,
    "毕业": 0.0032673781707496363,
    "期中": 0.0032145640512517277,
    "期末试卷": 0.0031619653886676177,
    "上课": 0.0031386306897257903,
    "试卷": 0.0030855070267109164,
    "复习": 0.0030531910312423583,
    "绩点": 0.003010236983366353,
    "数分": 0.0029452264657170196,
    "军训": 0.0028967564794934154,
    "答案": 0.0028868107240693467,
    "公司": 0.002880406682756273,
    "课程": 0.002856202058604515,
    "外卖": 0.0027613483618185056,
    "概率论": 0.002717030460593579,
    "跳绳": 0.002699097686075294,
    "点名": 0.00267750529724139,
    "手机": 0.0026619571722077636,
    "出书": 0.0025939552704843946,
    "资料": 0.0025901707087189925,
    "快递": 0.002574111966586952,
    "体测": 0.0025590259183162966,
    "管理": 0.002554948946244407,
    "宝宝": 0.002513002253932971,
    "参加": 0.0024966933207938055,
    "投资": 0.0024522585383759178,
    "申请": 0.002451800378125961,
    "笔记": 0.0024460108319944718,
    "学院": 0.002444177550721708,
    "很多": 0.002418445405018335,
    "考研": 0.002393328277934038,
    "大学": 0.0023804157637854384,
    "生活": 0.0023767718877657175,
    "跑步": 0.0023728906699677864,
    "不了": 0.0023648493832028983,
    "保研": 0.002293009893398083,
    "讲座": 0.0022834583154141236,
    "特别": 0.002246450932360038,
    "高数": 0.002246356353286149,
    "数学": 0.002228572845106809,
    "绿叶": 0.00222503784585996,
    "开学": 0.0022194359107093674,
    "家教": 0.0022105035374680366,
    "搭子": 0.0021649522715114088,
    "睡觉": 0.0021637493749033076,
    "事情": 0.002131983729401412,
    "经济学": 0.002128150995405421,
    "经管": 0.0021223704191177134,
    "面试": 0.0021064142282384963,
    "想要": 0.002105500067361222,
    "会计": 0.00209493515595002,
    "今晚": 0.0020907982868505,
    "教材": 0.002089112672620794,
    "求求": 0.002087520447994074,
    "菜鸟": 0.0020491826532284168,
    "经济": 0.0020486402278402384,
    "友友": 0.0020479279318890856,
    "影响": 0.0020331949235386604,
    "模块": 0.002027283361158106,
    "学分": 0.0020226160458626284,
    "讨厌": 0.002021263529296389,
    "每次": 0.0020106082352928357,
    "好多": 0.0019758600044369194,
    "结束": 0.0019573507823214906
}