{
    "1": {
        "公司金融": 0.004721867590965478,
        "经济法概论": 0.0036744036305156494,
        "英语模块": 0.003134143599986275,
        "生命进化论": 0.0030368657264087844,
        "心理学生活": 0.0029350245906164464,
        "浦东机场": 0.002820049905775301,
        "运营管理": 0.0027799306960524634,
        "实习证明": 0.002695295144179617,
        "管理会计": 0.002651008791822852,
        "形式逻辑新解": 0.002582499782539584,
        "计算机编程": 0.0025706634635037635,
        "杏林探宝": 0.0024522113014773957,
        "企业经营": 0.0023920453548762566,
        "毕业实习": 0.002327016933350868,
        "影视审美": 0.002314008414847737,
        "生活社会学": 0.0022976188728069543,
        "菜鸟驿站": 0.002288002288002288,
        "商务分析": 0.0022771318713106148,
        "经营探秘": 0.0022608633651955627,
        "金院大二": 0.002243155117227896
    },
    "2": {
        "三折出书": 0.011847118352590296,
        "经济法概论": 0.006284718137543209,
        "管理会计": 0.005800472959151776,
        "杏林探宝": 0.00476452343804892,
        "毕业实习": 0.004081321517708742,
        "微观经济学": 0.0040093898295734485,
        "公司金融": 0.0036017853405399605,
        "心理学生活": 0.0031980259483890237,
        "实习证明": 0.002946952634256288,
        "运营管理": 0.0029307640403990116,
        "英语模块": 0.0029002741241847905,
        "菜鸟驿站": 0.002886523543207649,
        "书法鉴赏": 0.0027728094342480895,
        "帮忙补锻": 0.0025257081003066933,
        "概率论数理统计": 0.0024119323529346337,
        "培养计划": 0.002408574210077859,
        "形式逻辑新解": 0.0024076038321642164,
        "法学经典": 0.0023113907576685026,
        "教材中心": 0.0022902600448330987,
        "思辨创新": 0.0022522575823193535
    },
    "3": {
        "作业答案": 0.004386666292450093,
        "第五人格": 0.003386067650993811,
        "企业经营": 0.0028106943644584693,
        "经营探秘": 0.00271791186782647,
        "菜鸟驿站": 0.0022531723328055963,
        "王者比赛": 0.002118185481770321,
        "清廉金融": 0.0020820822110275672,
        "习题答案": 0.002011869434624985,
        "管理会计": 0.0020074228769031803,
        "微观经济学": 0.0019315575115170798,
        "经济法概论": 0.0019312951251255143,
        "公司金融": 0.0018973211528765916,
        "长期代课": 0.0018271857149242436,
        "帮忙补锻": 0.001823884771546202,
        "新园食堂": 0.0017226016661683673,
        "课后习题": 0.0016079088782551027,
        "学术论文规范": 0.0015196506463387555,
        "王者组队": 0.001487212138915459,
        "毕业实习": 0.0014703257840607419,
        "朋友加上": 0.001464407635360497
    },
    "4": {
        "作业答案": 0.00601256513172105,
        "室内体测": 0.00513502135869724,
        "期中期末": 0.004098449980950071,
        "期中试卷": 0.003068299988093813,
        "和平精英": 0.00274035420388816,
        "菜鸟驿站": 0.0027401364394050907,
        "小组作业": 0.0026786896283704643,
        "期中期末试卷": 0.0025741758777492224,
        "国际课程": 0.002425342474937774,
        "朋友速速": 0.002321498821015457,
        "体测结束": 0.0021473196709173178,
        "经济法概论": 0.0019394798311058298,
        "公司金融": 0.0018951764127358515,
        "经管期中": 0.0018663168736401533,
        "跑步高峰期": 0.0017944375262652118,
        "杏林探宝": 0.0017943028937214282,
        "第五人格": 0.0017260573460163168,
        "暑期国际": 0.0016932805182167526,
        "计算机考试": 0.0016861622550182701,
        "暑期课程": 0.0016114728906617643
    },
    "5": {
        "室内体测": 0.00528759618598876,
        "千村调查": 0.004641482106172693,
        "千村定点": 0.0029863624342824483,
        "期末论文": 0.002870360807151368,
        "管理会计": 0.00283199354025209,
        "小组作业": 0.0027872493555142434,
        "往年期末": 0.002742563433756669,
        "千村返乡": 0.0025719033100618078,
        "暑假实习": 0.002048010237754718,
        "作业答案": 0.002025387622665354,
        "邓紫棋演唱会": 0.0019248549250144755,
        "菜鸟驿站": 0.00185609782727372,
        "大二暑假": 0.0017717785133624074,
        "数理统计期末": 0.0017607339043252633,
        "往年试卷": 0.0017506810310012214,
        "第五人格": 0.0017469156021399717,
        "公司金融": 0.001714731108868417,
        "期末卷子": 0.001653539847677597,
        "青年学习": 0.0016460237957952898,
        "往年期末试卷": 0.0015826463721758893
    },
    "6": {
        "绩点改革": 0.0046491321147753215,
        "毕业闲置": 0.004333510133007863,
        "往年试卷": 0.003678876749573775,
        "经济法概论": 0.0027248833686643087,
        "毕业出书": 0.0026978646623148296,
        "往年期末": 0.0025485637943072695,
        "管理会计": 0.0024794496836537875,
        "学弟学妹": 0.0021114517353462985,
        "往年期末试卷": 0.0019699079505093617,
        "公司战略": 0.001918861968467262,
        "公司金融": 0.0018695312603951963,
        "菜鸟驿站": 0.0018599974798487885,
        "期末复习": 0.001803317629536883,
        "期末论文": 0.0017412744541118728,
        "图书馆一楼": 0.0016868008483585952,
        "图书馆二楼": 0.001666335162034531,
        "第一份实习": 0.0016585732181113454,
        "第五人格": 0.0015368397680114044,
        "金融学院": 0.0014414669976852293,
        "千村调查": 0.0014077897700610043
    },
    "7": {
        "第五人格": 0.006918967564287184,
        "绩点改革": 0.003981414407682937,
        "菜鸟驿站": 0.002886712249363945,
        "实习证明": 0.0026635429468857856,
        "千村调查": 0.002488579381672296,
        "学弟学妹": 0.002425336668653946,
        "暑期课程": 0.0023447246575084273,
        "每日九宫格": 0.0018164333796345763,
        "生命进化论": 0.001680585936756256,
        "千村返乡": 0.001602735334971685,
        "英语模块": 0.0015210787459459432,
        "培养计划": 0.0015193378389641527,
        "绩点排名": 0.001472013982083782,
        "绩点膨胀": 0.0014687653985892295,
        "行业公司": 0.0012835050435760357,
        "西方古典建筑": 0.0012750345075403563,
        "国际课程": 0.0012612530279526427,
        "出国成绩单": 0.001250713903576938,
        "实习经历": 0.0012366450454771027,
        "公司金融": 0.0011791314260231793
    },
    "8": {
        "红蓝对抗": 0.0041110815159132955,
        "艺术中心": 0.0037243947858473,
        "军训期间": 0.0031469886115993192,
        "第五人格": 0.002926310188880021,
        "学弟学妹": 0.002749810989269204,
        "蜜雪冰城": 0.0023942537909018356,
        "千村征文": 0.002216190355136766,
        "上床下桌": 0.002112405530433766,
        "军训安排": 0.002094319250552186,
        "表演方阵": 0.00186219739292365,
        "军训请假": 0.0018267488193977428,
        "菜鸟驿站": 0.0017922174946802963,
        "千村调查": 0.0017327478102590705,
        "三折出书": 0.0017291832934291035,
        "特别特别": 0.0016886808918820237,
        "体育馆空调": 0.0016858612463086084,
        "家教继任": 0.0016629452261856196,
        "寒假实习": 0.0016444488618013546,
        "实习证明": 0.0016215845139423955,
        "线上军训": 0.0014598664537028704
    },
    "9": {
        "三折出书": 0.006727566891575758,
        "菜鸟驿站": 0.0028321952984079607,
        "王者新生": 0.002196538608986045,
        "军事理论": 0.0021730114586075992,
        "经营探秘": 0.002108169751543222,
        "企业经营": 0.0021081697515432218,
        "第五人格": 0.0020520026198371276,
        "书法鉴赏": 0.0018278204415722186,
        "大一新生": 0.0017056176751120025,
        "生活社会学": 0.0017002145775078248,
        "英语模块": 0.0016911700756120879,
        "绘画鉴赏": 0.0016239710215570856,
        "英美文化": 0.0015579622073669981,
        "运动会开幕式": 0.001506597795636011,
        "大脑奥秘": 0.0014934818426485992,
        "宏观经济学": 0.0014069980926790743,
        "学弟学妹": 0.001382880321683215,
        "食堂一楼": 0.00136414133038621,
        "黑格尔哲学": 0.0013466897147691838,
        "影视审美": 0.0012842127093940221
    },
    "10": {
        "期中期末": 0.0027532737449879547,
        "作业答案": 0.0025017431874213916,
        "室内体测": 0.0024943666802493157,
        "菜鸟驿站": 0.0023891699694877184,
        "期中试卷": 0.0021093558589383044,
        "寒假实习": 0.0019323444343888948,
        "中宏期中": 0.0019180985330875212,
        "图书馆一楼": 0.0017644088929772226,
        "第五人格": 0.0017135939520419043,
        "实验大楼": 0.0017057959485243278,
        "期中期末试卷": 0.001660678682962304,
        "概率论期中": 0.0015358576027492564,
        "二课学分": 0.0014949200427274198,
        "社会主义发展史": 0.0013653059543082696,
        "科研实验": 0.0013431617945982323,
        "国际经济学": 0.0013384062918702804,
        "返校宣讲": 0.0013014285555550788,
        "宏观经济学": 0.0011828856179500013,
        "家教继任": 0.0011678224844486182,
        "代课签到": 0.0011640281399631115
    },
    "11": {
        "室内体测": 0.006910169286838067,